"","scenarioID","model","nIteration","pos","ratePos","mEs","nA","nB","nEff","sampleSize","samplePrior","p1","p2","p3","marginColiVBAT"
"1","scenario1","bayesglm",1460,77,0.0527397260273973,0.0976694794483899,102.884246575342,55.2890410958904,158.173287671233,200,300,0.4,"0.5",0.4,"0.1"
"2","scenario10","bayesglm",1460,90,0.0616438356164384,0.0970080797408989,195.865753424658,105.614383561644,301.480136986301,380,300,0.4,"0.5",0.4,"0.1"
"3","scenario100","bayesglm",1460,608,0.416438356164384,0.0500982416352817,597.980136986301,321.807534246575,919.787671232877,1160,300,0.4,"0.45",0.4,"0.05"
"4","scenario101","bayesglm",1460,618,0.423287671232877,0.0492717881043068,607.91095890411,327.090410958904,935.001369863014,1180,300,0.4,"0.45",0.4,"0.05"
"5","scenario102","bayesglm",1460,619,0.423972602739726,0.0490567221152991,618.293150684932,333.13698630137,951.430136986301,1200,300,0.4,"0.45",0.4,"0.05"
"6","scenario103","bayesglm",1460,442,0.302739726027397,0.00484466335727925,103.069178082192,55.7445205479452,158.813698630137,200,300,0.4,"0.4",0.4,"0"
"7","scenario104","bayesglm",1460,549,0.376027397260274,-0.00131739919164654,113.254794520548,61.3143835616438,174.569178082192,220,300,0.4,"0.4",0.4,"0"
"8","scenario105","bayesglm",1460,571,0.391095890410959,-0.00230577031375894,123.500684931507,66.5383561643836,190.03904109589,240,300,0.4,"0.4",0.4,"0"
"9","scenario106","bayesglm",1460,585,0.400684931506849,-0.000900092132372916,133.959589041096,72.1267123287671,206.086301369863,260,300,0.4,"0.4",0.4,"0"
"10","scenario107","bayesglm",1460,582,0.398630136986301,0.00156865718108028,144.037671232877,77.763698630137,221.801369863014,280,300,0.4,"0.4",0.4,"0"
"11","scenario108","bayesglm",1460,633,0.433561643835616,0.000757995922276366,154.589726027397,83.4280821917808,238.017808219178,300,300,0.4,"0.4",0.4,"0"
"12","scenario109","bayesglm",1460,644,0.441095890410959,0.00152386631410388,164.827397260274,88.941095890411,253.768493150685,320,300,0.4,"0.4",0.4,"0"
"13","scenario11","bayesglm",1460,68,0.0465753424657534,0.0992074873688908,205.840410958904,110.86095890411,316.701369863014,400,300,0.4,"0.5",0.4,"0.1"
"14","scenario110","bayesglm",1460,681,0.466438356164384,0.00246883724550918,175.2,94.2164383561644,269.416438356164,340,300,0.4,"0.4",0.4,"0"
"15","scenario111","bayesglm",1460,707,0.484246575342466,0.000672978939866888,185.045890410959,99.6869863013699,284.732876712329,360,300,0.4,"0.4",0.4,"0"
"16","scenario112","bayesglm",1460,741,0.507534246575343,-1.14197065265196e-05,195.604109589041,105.785616438356,301.389726027397,380,300,0.4,"0.4",0.4,"0"
"17","scenario113","bayesglm",1460,741,0.507534246575343,0.00100887585003264,205.941780821918,111.100684931507,317.042465753425,400,300,0.4,"0.4",0.4,"0"
"18","scenario114","bayesglm",1460,783,0.536301369863014,-0.000907214089466362,216.459589041096,116.71301369863,333.172602739726,420,300,0.4,"0.4",0.4,"0"
"19","scenario115","bayesglm",1460,802,0.549315068493151,0.00185004230769859,226.226712328767,122.28904109589,348.515753424658,440,300,0.4,"0.4",0.4,"0"
"20","scenario116","bayesglm",1460,794,0.543835616438356,0.00187999756037877,236.160273972603,127.86301369863,364.023287671233,460,300,0.4,"0.4",0.4,"0"
"21","scenario117","bayesglm",1460,863,0.591095890410959,-0.00122547490562909,247.416438356164,133.491095890411,380.907534246575,480,300,0.4,"0.4",0.4,"0"
"22","scenario118","bayesglm",1460,886,0.606849315068493,-0.000959450805534107,257.204794520548,138.943835616438,396.148630136986,500,300,0.4,"0.4",0.4,"0"
"23","scenario119","bayesglm",1460,902,0.617808219178082,-0.00183932081118586,268.217123287671,143.912328767123,412.129452054795,520,300,0.4,"0.4",0.4,"0"
"24","scenario12","bayesglm",1460,60,0.0410958904109589,0.101324677783366,216.793835616438,116.080136986301,332.87397260274,420,300,0.4,"0.5",0.4,"0.1"
"25","scenario120","bayesglm",1460,908,0.621917808219178,0.000150170834477037,278.33904109589,149.669863013699,428.008904109589,540,300,0.4,"0.4",0.4,"0"
"26","scenario121","bayesglm",1460,938,0.642465753424658,-0.000317016238122135,288.381506849315,155.514383561644,443.895890410959,560,300,0.4,"0.4",0.4,"0"
"27","scenario122","bayesglm",1460,932,0.638356164383562,0.000721933711997725,298.315068493151,161.121917808219,459.43698630137,580,300,0.4,"0.4",0.4,"0"
"28","scenario123","bayesglm",1460,965,0.660958904109589,-0.00140866565203281,309.030821917808,166.903424657534,475.934246575343,600,300,0.4,"0.4",0.4,"0"
"29","scenario124","bayesglm",1460,986,0.675342465753425,-0.000520718344054249,319.637671232877,171.86095890411,491.498630136986,620,300,0.4,"0.4",0.4,"0"
"30","scenario125","bayesglm",1460,988,0.676712328767123,0.0015518125264108,329.978767123288,177.377397260274,507.356164383562,640,300,0.4,"0.4",0.4,"0"
"31","scenario126","bayesglm",1460,1021,0.699315068493151,-0.00128827236978582,339.754109589041,182.898630136986,522.652739726027,660,300,0.4,"0.4",0.4,"0"
"32","scenario127","bayesglm",1460,1036,0.70958904109589,-0.00132320696091802,350.147945205479,188.432191780822,538.580136986301,680,300,0.4,"0.4",0.4,"0"
"33","scenario128","bayesglm",1460,1060,0.726027397260274,-0.000366828785242159,361.039726027397,193.827397260274,554.867123287671,700,300,0.4,"0.4",0.4,"0"
"34","scenario129","bayesglm",1460,1070,0.732876712328767,0.000366699203005272,370.254109589041,200.238356164384,570.492465753425,720,300,0.4,"0.4",0.4,"0"
"35","scenario13","bayesglm",1460,69,0.0472602739726027,0.103145451155035,226.534931506849,122.207534246575,348.742465753425,440,300,0.4,"0.5",0.4,"0.1"
"36","scenario130","bayesglm",1460,1099,0.752739726027397,-0.00138310394900196,380.296575342466,206.052054794521,586.348630136986,740,300,0.4,"0.4",0.4,"0"
"37","scenario131","bayesglm",1460,1094,0.749315068493151,-0.00128332601012396,391.429452054795,210.908904109589,602.338356164384,760,300,0.4,"0.4",0.4,"0"
"38","scenario132","bayesglm",1460,1114,0.763013698630137,-0.000775783593037593,401.241095890411,216.531506849315,617.772602739726,780,300,0.4,"0.4",0.4,"0"
"39","scenario133","bayesglm",1460,1129,0.773287671232877,0.000135884688393132,411.785616438356,222.383561643836,634.169178082192,800,300,0.4,"0.4",0.4,"0"
"40","scenario134","bayesglm",1460,1148,0.786301369863014,-0.000188363612324724,422.27602739726,227.799315068493,650.075342465753,820,300,0.4,"0.4",0.4,"0"
"41","scenario135","bayesglm",1460,1171,0.802054794520548,-0.000679463640461357,433.265753424658,232.678767123288,665.944520547945,840,300,0.4,"0.4",0.4,"0"
"42","scenario136","bayesglm",1460,1153,0.78972602739726,0.000200951539179882,442.894520547945,238.502739726027,681.397260273973,860,300,0.4,"0.4",0.4,"0"
"43","scenario137","bayesglm",1460,1182,0.80958904109589,-0.000801465749960542,453.45,243.881506849315,697.331506849315,880,300,0.4,"0.4",0.4,"0"
"44","scenario138","bayesglm",1460,1187,0.813013698630137,-0.000272984033572079,464.187671232877,249.217123287671,713.404794520548,900,300,0.4,"0.4",0.4,"0"
"45","scenario139","bayesglm",1460,1177,0.806164383561644,-0.000537312043679672,473.964383561644,255.545205479452,729.509589041096,920,300,0.4,"0.4",0.4,"0"
"46","scenario14","bayesglm",1460,65,0.0445205479452055,0.101475770187342,237.195890410959,127.076712328767,364.272602739726,460,300,0.4,"0.5",0.4,"0.1"
"47","scenario140","bayesglm",1460,1194,0.817808219178082,0.00133891034732072,484.965753424658,259.912328767123,744.878082191781,940,300,0.4,"0.4",0.4,"0"
"48","scenario141","bayesglm",1460,1216,0.832876712328767,-0.000773864083931711,494.231506849315,266.528082191781,760.759589041096,960,300,0.4,"0.4",0.4,"0"
"49","scenario142","bayesglm",1460,1219,0.834931506849315,-0.00051821305076815,505.056164383562,271.584931506849,776.641095890411,980,300,0.4,"0.4",0.4,"0"
"50","scenario143","bayesglm",1460,1266,0.867123287671233,-0.000857891253493523,515.83904109589,277.319178082192,793.158219178082,1000,300,0.4,"0.4",0.4,"0"
"51","scenario144","bayesglm",1460,1247,0.854109589041096,-0.000353897945678544,525.818493150685,282.752739726027,808.571232876712,1020,300,0.4,"0.4",0.4,"0"
"52","scenario145","bayesglm",1460,1274,0.872602739726027,-0.00079802007969208,535.821917808219,288.643835616438,824.465753424658,1040,300,0.4,"0.4",0.4,"0"
"53","scenario146","bayesglm",1460,1274,0.872602739726027,-0.000945445676764541,545.719863013699,294.359589041096,840.079452054795,1060,300,0.4,"0.4",0.4,"0"
"54","scenario147","bayesglm",1460,1262,0.864383561643836,0.000512874642337245,556.756164383562,299.006164383562,855.762328767123,1080,300,0.4,"0.4",0.4,"0"
"55","scenario148","bayesglm",1460,1274,0.872602739726027,0.000286293560636516,566.147945205479,305.805479452055,871.953424657534,1100,300,0.4,"0.4",0.4,"0"
"56","scenario149","bayesglm",1460,1286,0.880821917808219,0.000147306697335218,576.93698630137,310.950684931507,887.887671232877,1120,300,0.4,"0.4",0.4,"0"
"57","scenario15","bayesglm",1460,64,0.0438356164383562,0.100614386192438,247.147260273973,133.334931506849,380.482191780822,480,300,0.4,"0.5",0.4,"0.1"
"58","scenario150","bayesglm",1460,1285,0.88013698630137,0.000244569623664531,587.841780821918,316.292465753425,904.134246575343,1140,300,0.4,"0.4",0.4,"0"
"59","scenario151","bayesglm",1460,1301,0.891095890410959,1.28900571869221e-06,597.478082191781,321.937671232877,919.415753424658,1160,300,0.4,"0.4",0.4,"0"
"60","scenario152","bayesglm",1460,1320,0.904109589041096,-0.00170065632245274,607.533561643836,327.815068493151,935.348630136986,1180,300,0.4,"0.4",0.4,"0"
"61","scenario153","bayesglm",1460,1327,0.908904109589041,-0.00166757901875026,617.209589041096,333.897945205479,951.107534246575,1200,300,0.4,"0.4",0.4,"0"
"62","scenario154","bayesglm",1460,679,0.465068493150685,-0.0235315024001848,103.177397260274,55.436301369863,158.613698630137,200,300,0.4,"0.38",0.4,"-0.02"
"63","scenario155","bayesglm",1460,655,0.448630136986301,-0.01789119076307,113.280136986301,60.8698630136986,174.15,220,300,0.4,"0.38",0.4,"-0.02"
"64","scenario156","bayesglm",1460,708,0.484931506849315,-0.0196276038748138,123.831506849315,66.4602739726027,190.291780821918,240,300,0.4,"0.38",0.4,"-0.02"
"65","scenario157","bayesglm",1460,693,0.474657534246575,-0.0143488683036376,134.398630136986,71.8308219178082,206.229452054795,260,300,0.4,"0.38",0.4,"-0.02"
"66","scenario158","bayesglm",1460,754,0.516438356164384,-0.0173830343642277,144.652054794521,77.4993150684931,222.151369863014,280,300,0.4,"0.38",0.4,"-0.02"
"67","scenario159","bayesglm",1460,804,0.550684931506849,-0.0205176436134985,154.534246575342,83.1691780821918,237.703424657534,300,300,0.4,"0.38",0.4,"-0.02"
"68","scenario16","bayesglm",1460,70,0.0479452054794521,0.0984509599738383,257.480136986301,138.564383561644,396.044520547945,500,300,0.4,"0.5",0.4,"0.1"
"69","scenario160","bayesglm",1460,818,0.56027397260274,-0.0174315201836905,164.942465753425,88.9917808219178,253.934246575342,320,300,0.4,"0.38",0.4,"-0.02"
"70","scenario161","bayesglm",1460,851,0.582876712328767,-0.0205269016604034,175.18904109589,94.6904109589041,269.879452054795,340,300,0.4,"0.38",0.4,"-0.02"
"71","scenario162","bayesglm",1460,890,0.60958904109589,-0.0189096342068464,185.584931506849,99.9041095890411,285.48904109589,360,300,0.4,"0.38",0.4,"-0.02"
"72","scenario163","bayesglm",1460,932,0.638356164383562,-0.0213956128869914,195.735616438356,105.33904109589,301.074657534247,380,300,0.4,"0.38",0.4,"-0.02"
"73","scenario164","bayesglm",1460,980,0.671232876712329,-0.0211424180402599,206.228082191781,110.525342465753,316.753424657534,400,300,0.4,"0.38",0.4,"-0.02"
"74","scenario165","bayesglm",1460,978,0.66986301369863,-0.0189116958058068,216.455479452055,116.446575342466,332.902054794521,420,300,0.4,"0.38",0.4,"-0.02"
"75","scenario166","bayesglm",1460,997,0.682876712328767,-0.018978488968413,226.982876712329,121.825342465753,348.808219178082,440,300,0.4,"0.38",0.4,"-0.02"
"76","scenario167","bayesglm",1460,1015,0.695205479452055,-0.0191580891828578,236.793835616438,127.604794520548,364.398630136986,460,300,0.4,"0.38",0.4,"-0.02"
"77","scenario168","bayesglm",1460,1053,0.721232876712329,-0.0194787251812145,247.065753424658,133.295890410959,380.361643835616,480,300,0.4,"0.38",0.4,"-0.02"
"78","scenario169","bayesglm",1460,1069,0.732191780821918,-0.0195142803359004,257.165753424658,139.047945205479,396.213698630137,500,300,0.4,"0.38",0.4,"-0.02"
"79","scenario17","bayesglm",1460,83,0.0568493150684932,0.0997958605399362,267.921917808219,143.999315068493,411.921232876712,520,300,0.4,"0.5",0.4,"0.1"
"80","scenario170","bayesglm",1460,1090,0.746575342465753,-0.0184565893856564,267.41301369863,145.024657534247,412.437671232877,520,300,0.4,"0.38",0.4,"-0.02"
"81","scenario171","bayesglm",1460,1103,0.755479452054794,-0.0189076290013445,278.454109589041,150.119178082192,428.573287671233,540,300,0.4,"0.38",0.4,"-0.02"
"82","scenario172","bayesglm",1460,1155,0.791095890410959,-0.0210256025579096,288.42397260274,155.193150684932,443.617123287671,560,300,0.4,"0.38",0.4,"-0.02"
"83","scenario173","bayesglm",1460,1141,0.781506849315069,-0.0194216312812999,298.682876712329,160.808219178082,459.491095890411,580,300,0.4,"0.38",0.4,"-0.02"
"84","scenario174","bayesglm",1460,1163,0.796575342465753,-0.0206737253391298,308.72397260274,166.599315068493,475.323287671233,600,300,0.4,"0.38",0.4,"-0.02"
"85","scenario175","bayesglm",1460,1186,0.812328767123288,-0.0207526090451348,319.435616438356,171.707534246575,491.143150684932,620,300,0.4,"0.38",0.4,"-0.02"
"86","scenario176","bayesglm",1460,1178,0.806849315068493,-0.0173259285383539,329.749315068493,177.703424657534,507.452739726027,640,300,0.4,"0.38",0.4,"-0.02"
"87","scenario177","bayesglm",1460,1202,0.823287671232877,-0.017907187909809,339.752739726027,183.070547945205,522.823287671233,660,300,0.4,"0.38",0.4,"-0.02"
"88","scenario178","bayesglm",1460,1239,0.848630136986301,-0.022000909551129,349.842465753425,188.801369863014,538.643835616438,680,300,0.4,"0.38",0.4,"-0.02"
"89","scenario179","bayesglm",1460,1249,0.855479452054794,-0.0196878926063884,360.45,194.710273972603,555.160273972603,700,300,0.4,"0.38",0.4,"-0.02"
"90","scenario18","bayesglm",1460,72,0.0493150684931507,0.101508324027301,278.467123287671,149.787671232877,428.254794520548,540,300,0.4,"0.5",0.4,"0.1"
"91","scenario180","bayesglm",1460,1244,0.852054794520548,-0.0196231498386361,371.41301369863,199.356849315069,570.769863013699,720,300,0.4,"0.38",0.4,"-0.02"
"92","scenario181","bayesglm",1460,1273,0.871917808219178,-0.020665168529865,380.734931506849,205.616438356164,586.351369863014,740,300,0.4,"0.38",0.4,"-0.02"
"93","scenario182","bayesglm",1460,1276,0.873972602739726,-0.0213013588628481,391.671917808219,210.596575342466,602.268493150685,760,300,0.4,"0.38",0.4,"-0.02"
"94","scenario183","bayesglm",1460,1287,0.881506849315069,-0.0211964862377776,401.391095890411,216.474657534247,617.865753424658,780,300,0.4,"0.38",0.4,"-0.02"
"95","scenario184","bayesglm",1460,1292,0.884931506849315,-0.0208553505833599,411.553424657534,222.076712328767,633.630136986301,800,300,0.4,"0.38",0.4,"-0.02"
"96","scenario185","bayesglm",1460,1315,0.900684931506849,-0.0216928915103451,421.784931506849,228.169178082192,649.954109589041,820,300,0.4,"0.38",0.4,"-0.02"
"97","scenario186","bayesglm",1460,1327,0.908904109589041,-0.0207693370559899,431.57602739726,233.647945205479,665.22397260274,840,300,0.4,"0.38",0.4,"-0.02"
"98","scenario187","bayesglm",1460,1335,0.914383561643836,-0.0211427985013371,443.101369863014,238.801369863014,681.902739726027,860,300,0.4,"0.38",0.4,"-0.02"
"99","scenario188","bayesglm",1460,1339,0.917123287671233,-0.0207051752820243,452.638356164384,244.21095890411,696.849315068493,880,300,0.4,"0.38",0.4,"-0.02"
"100","scenario189","bayesglm",1460,1357,0.929452054794521,-0.0200085835528173,463.320547945205,250.189726027397,713.510273972603,900,300,0.4,"0.38",0.4,"-0.02"
"101","scenario19","bayesglm",1460,75,0.0513698630136986,0.100178733401362,288.23904109589,155.428082191781,443.667123287671,560,300,0.4,"0.5",0.4,"0.1"
"102","scenario190","bayesglm",1460,1344,0.920547945205479,-0.0197756590413516,473.52602739726,255.630821917808,729.156849315068,920,300,0.4,"0.38",0.4,"-0.02"
"103","scenario191","bayesglm",1460,1353,0.926712328767123,-0.0197664271638827,483.881506849315,260.991095890411,744.872602739726,940,300,0.4,"0.38",0.4,"-0.02"
"104","scenario192","bayesglm",1460,1359,0.930821917808219,-0.0202424221496858,495.230821917808,266.340410958904,761.571232876712,960,300,0.4,"0.38",0.4,"-0.02"
"105","scenario193","bayesglm",1460,1369,0.937671232876712,-0.0206545434211175,504.258904109589,271.976712328767,776.235616438356,980,300,0.4,"0.38",0.4,"-0.02"
"106","scenario194","bayesglm",1460,1379,0.944520547945205,-0.0199326211854654,515.215068493151,277.425342465753,792.640410958904,1000,300,0.4,"0.38",0.4,"-0.02"
"107","scenario195","bayesglm",1460,1372,0.93972602739726,-0.0195532752392065,524.978767123288,283.099315068493,808.078082191781,1020,300,0.4,"0.38",0.4,"-0.02"
"108","scenario196","bayesglm",1460,1383,0.947260273972603,-0.0192829165818755,535.889726027397,288.624657534247,824.514383561644,1040,300,0.4,"0.38",0.4,"-0.02"
"109","scenario197","bayesglm",1460,1409,0.965068493150685,-0.0209738572226081,545.829452054795,293.954794520548,839.784246575342,1060,300,0.4,"0.38",0.4,"-0.02"
"110","scenario198","bayesglm",1460,1391,0.952739726027397,-0.0212821939978215,556.940410958904,299.308219178082,856.248630136986,1080,300,0.4,"0.38",0.4,"-0.02"
"111","scenario199","bayesglm",1460,1398,0.957534246575342,-0.0202410058317173,566.453424657534,305.571917808219,872.025342465753,1100,300,0.4,"0.38",0.4,"-0.02"
"112","scenario2","bayesglm",1460,85,0.0582191780821918,0.099696338821106,113.245890410959,61.1780821917808,174.42397260274,220,300,0.4,"0.5",0.4,"0.1"
"113","scenario20","bayesglm",1460,76,0.0520547945205479,0.102301907658291,298.625342465753,160.981506849315,459.606849315069,580,300,0.4,"0.5",0.4,"0.1"
"114","scenario200","bayesglm",1460,1403,0.960958904109589,-0.0197072016680367,576.830136986301,311.202054794521,888.032191780822,1120,300,0.4,"0.38",0.4,"-0.02"
"115","scenario201","bayesglm",1460,1403,0.960958904109589,-0.0191503449770613,587.116438356164,316.415753424658,903.532191780822,1140,300,0.4,"0.38",0.4,"-0.02"
"116","scenario202","bayesglm",1460,1413,0.967808219178082,-0.0211539889868713,597.72397260274,322.321917808219,920.045890410959,1160,300,0.4,"0.38",0.4,"-0.02"
"117","scenario203","bayesglm",1460,1409,0.965068493150685,-0.0189903387495205,607.678767123288,327.667808219178,935.346575342466,1180,300,0.4,"0.38",0.4,"-0.02"
"118","scenario204","bayesglm",1460,1418,0.971232876712329,-0.0196789043028706,617.541780821918,333.135616438356,950.677397260274,1200,300,0.4,"0.38",0.4,"-0.02"
"119","scenario205","bayesglm",1460,695,0.476027397260274,-0.0283268494411203,103.012328767123,55.4431506849315,158.455479452055,200,300,0.4,"0.37",0.4,"-0.03"
"120","scenario206","bayesglm",1460,737,0.504794520547945,-0.0298828407851245,113.271917808219,61.2212328767123,174.493150684931,220,300,0.4,"0.37",0.4,"-0.03"
"121","scenario207","bayesglm",1460,766,0.524657534246575,-0.0297308144429749,123.442465753425,66.663698630137,190.106164383562,240,300,0.4,"0.37",0.4,"-0.03"
"122","scenario208","bayesglm",1460,834,0.571232876712329,-0.0316452329054693,134.195890410959,72.0301369863014,206.22602739726,260,300,0.4,"0.37",0.4,"-0.03"
"123","scenario209","bayesglm",1460,824,0.564383561643836,-0.029263336725366,144.165068493151,77.527397260274,221.692465753425,280,300,0.4,"0.37",0.4,"-0.03"
"124","scenario21","bayesglm",1460,74,0.0506849315068493,0.101494897363847,309.313698630137,166.424657534247,475.738356164384,600,300,0.4,"0.5",0.4,"0.1"
"125","scenario210","bayesglm",1460,869,0.595205479452055,-0.0302646177657331,154.262328767123,83.1308219178082,237.393150684931,300,300,0.4,"0.37",0.4,"-0.03"
"126","scenario211","bayesglm",1460,933,0.639041095890411,-0.0312580406411724,165.271232876712,88.5219178082192,253.793150684932,320,300,0.4,"0.37",0.4,"-0.03"
"127","scenario212","bayesglm",1460,943,0.645890410958904,-0.0297562325823505,174.88698630137,94.7993150684931,269.686301369863,340,300,0.4,"0.37",0.4,"-0.03"
"128","scenario213","bayesglm",1460,971,0.665068493150685,-0.0287789914352221,185.654109589041,99.5157534246575,285.169863013699,360,300,0.4,"0.37",0.4,"-0.03"
"129","scenario214","bayesglm",1460,1008,0.69041095890411,-0.0286711202538433,195.36095890411,105.734931506849,301.095890410959,380,300,0.4,"0.37",0.4,"-0.03"
"130","scenario215","bayesglm",1460,1057,0.723972602739726,-0.0329075416223957,205.668493150685,111.598630136986,317.267123287671,400,300,0.4,"0.37",0.4,"-0.03"
"131","scenario216","bayesglm",1460,1083,0.741780821917808,-0.0307459831409054,216.26095890411,116.502739726027,332.763698630137,420,300,0.4,"0.37",0.4,"-0.03"
"132","scenario217","bayesglm",1460,1092,0.747945205479452,-0.0281162335864769,226.456849315068,122.293835616438,348.750684931507,440,300,0.4,"0.37",0.4,"-0.03"
"133","scenario218","bayesglm",1460,1118,0.765753424657534,-0.0297349446029771,237.090410958904,127.661643835616,364.752054794521,460,300,0.4,"0.37",0.4,"-0.03"
"134","scenario219","bayesglm",1460,1159,0.793835616438356,-0.0324656183601137,247.638356164384,132.965753424658,380.604109589041,480,300,0.4,"0.37",0.4,"-0.03"
"135","scenario22","bayesglm",1460,81,0.0554794520547945,0.0997758107770622,318.829452054795,172.155479452055,490.984931506849,620,300,0.4,"0.5",0.4,"0.1"
"136","scenario220","bayesglm",1460,1162,0.795890410958904,-0.0302031364093447,257.623287671233,138.843835616438,396.467123287671,500,300,0.4,"0.37",0.4,"-0.03"
"137","scenario221","bayesglm",1460,1176,0.805479452054795,-0.0298877790207503,268.325342465753,144.13904109589,412.464383561644,520,300,0.4,"0.37",0.4,"-0.03"
"138","scenario222","bayesglm",1460,1207,0.826712328767123,-0.0321118824052297,278.234246575342,149.601369863014,427.835616438356,540,300,0.4,"0.37",0.4,"-0.03"
"139","scenario223","bayesglm",1460,1221,0.836301369863014,-0.0314813656906256,288.173287671233,155.469863013699,443.643150684931,560,300,0.4,"0.37",0.4,"-0.03"
"140","scenario224","bayesglm",1460,1241,0.85,-0.0315686512008808,298.265753424658,161.420547945205,459.686301369863,580,300,0.4,"0.37",0.4,"-0.03"
"141","scenario225","bayesglm",1460,1252,0.857534246575342,-0.0285287318322824,308.284246575342,166.867123287671,475.151369863014,600,300,0.4,"0.37",0.4,"-0.03"
"142","scenario226","bayesglm",1460,1255,0.85958904109589,-0.0285075335805213,319.881506849315,171.562328767123,491.443835616438,620,300,0.4,"0.37",0.4,"-0.03"
"143","scenario227","bayesglm",1460,1268,0.868493150684931,-0.0294984149696862,329.582876712329,177.673287671233,507.256164383562,640,300,0.4,"0.37",0.4,"-0.03"
"144","scenario228","bayesglm",1460,1281,0.877397260273973,-0.0320597012714787,339.46301369863,183.447945205479,522.91095890411,660,300,0.4,"0.37",0.4,"-0.03"
"145","scenario229","bayesglm",1460,1315,0.900684931506849,-0.0319365401928415,350.038356164384,188.540410958904,538.578767123288,680,300,0.4,"0.37",0.4,"-0.03"
"146","scenario23","bayesglm",1460,64,0.0438356164383562,0.101030088838634,329.167808219178,177.621232876712,506.78904109589,640,300,0.4,"0.5",0.4,"0.1"
"147","scenario230","bayesglm",1460,1304,0.893150684931507,-0.0305996271740177,360.734931506849,194.196575342466,554.931506849315,700,300,0.4,"0.37",0.4,"-0.03"
"148","scenario231","bayesglm",1460,1336,0.915068493150685,-0.0320800238778191,370.58904109589,200.393150684931,570.982191780822,720,300,0.4,"0.37",0.4,"-0.03"
"149","scenario232","bayesglm",1460,1344,0.920547945205479,-0.0307940139097492,380.689726027397,205.129452054795,585.819178082192,740,300,0.4,"0.37",0.4,"-0.03"
"150","scenario233","bayesglm",1460,1346,0.921917808219178,-0.0316185367418033,392.145890410959,210.221232876712,602.367123287671,760,300,0.4,"0.37",0.4,"-0.03"
"151","scenario234","bayesglm",1460,1335,0.914383561643836,-0.0289519788122351,401.649315068493,216.456164383562,618.105479452055,780,300,0.4,"0.37",0.4,"-0.03"
"152","scenario235","bayesglm",1460,1363,0.933561643835616,-0.0309753783150398,412.104794520548,221.891780821918,633.996575342466,800,300,0.4,"0.37",0.4,"-0.03"
"153","scenario236","bayesglm",1460,1363,0.933561643835616,-0.0307973394504491,421.681506849315,228.027397260274,649.708904109589,820,300,0.4,"0.37",0.4,"-0.03"
"154","scenario237","bayesglm",1460,1373,0.94041095890411,-0.0311680103252249,432.678767123288,233.124657534247,665.803424657534,840,300,0.4,"0.37",0.4,"-0.03"
"155","scenario238","bayesglm",1460,1393,0.954109589041096,-0.0299002590951631,442.42602739726,239.056164383562,681.482191780822,860,300,0.4,"0.37",0.4,"-0.03"
"156","scenario239","bayesglm",1460,1390,0.952054794520548,-0.0299570127610194,453.658904109589,243.575342465753,697.234246575342,880,300,0.4,"0.37",0.4,"-0.03"
"157","scenario24","bayesglm",1460,72,0.0493150684931507,0.100420061571102,339.945890410959,183.070547945205,523.016438356164,660,300,0.4,"0.5",0.4,"0.1"
"158","scenario240","bayesglm",1460,1371,0.939041095890411,-0.0279895187492913,463.792465753425,249.321232876712,713.113698630137,900,300,0.4,"0.37",0.4,"-0.03"
"159","scenario241","bayesglm",1460,1401,0.95958904109589,-0.0315240658954733,473.654794520548,255.297945205479,728.952739726027,920,300,0.4,"0.37",0.4,"-0.03"
"160","scenario242","bayesglm",1460,1400,0.958904109589041,-0.0306148216837914,485.328767123288,260.167808219178,745.496575342466,940,300,0.4,"0.37",0.4,"-0.03"
"161","scenario243","bayesglm",1460,1400,0.958904109589041,-0.0289331703501719,494.46301369863,266.497260273973,760.960273972603,960,300,0.4,"0.37",0.4,"-0.03"
"162","scenario244","bayesglm",1460,1399,0.958219178082192,-0.0303898398339331,504.21095890411,272.319178082192,776.530136986301,980,300,0.4,"0.37",0.4,"-0.03"
"163","scenario245","bayesglm",1460,1414,0.968493150684931,-0.0296858499960213,514.974657534247,277.629452054795,792.604109589041,1000,300,0.4,"0.37",0.4,"-0.03"
"164","scenario246","bayesglm",1460,1411,0.966438356164384,-0.0318283249592995,524.744520547945,283.703424657534,808.447945205479,1020,300,0.4,"0.37",0.4,"-0.03"
"165","scenario247","bayesglm",1460,1406,0.963013698630137,-0.0290257061125158,535.194520547945,288.858904109589,824.053424657534,1040,300,0.4,"0.37",0.4,"-0.03"
"166","scenario248","bayesglm",1460,1418,0.971232876712329,-0.0306668933676194,546.000684931507,294.548630136986,840.549315068493,1060,300,0.4,"0.37",0.4,"-0.03"
"167","scenario249","bayesglm",1460,1427,0.977397260273973,-0.0294846710300708,555.928082191781,300.298630136986,856.226712328767,1080,300,0.4,"0.37",0.4,"-0.03"
"168","scenario25","bayesglm",1460,76,0.0520547945205479,0.101442840603061,349.83698630137,188.797945205479,538.634931506849,680,300,0.4,"0.5",0.4,"0.1"
"169","scenario250","bayesglm",1460,1428,0.978082191780822,-0.030381349180711,566.768493150685,304.975342465753,871.743835616438,1100,300,0.4,"0.37",0.4,"-0.03"
"170","scenario251","bayesglm",1460,1429,0.978767123287671,-0.029274203611497,576.615068493151,310.821232876712,887.436301369863,1120,300,0.4,"0.37",0.4,"-0.03"
"171","scenario252","bayesglm",1460,1431,0.98013698630137,-0.0301258071594674,586.555479452055,316.577397260274,903.132876712329,1140,300,0.4,"0.37",0.4,"-0.03"
"172","scenario253","bayesglm",1460,1436,0.983561643835616,-0.0293272630440812,597.580821917808,321.835616438356,919.416438356164,1160,300,0.4,"0.37",0.4,"-0.03"
"173","scenario254","bayesglm",1460,1434,0.982191780821918,-0.0291843396841178,608.143835616438,327.302739726027,935.446575342466,1180,300,0.4,"0.37",0.4,"-0.03"
"174","scenario255","bayesglm",1460,1448,0.991780821917808,-0.0295951658983041,616.932191780822,333.552739726027,950.484931506849,1200,300,0.4,"0.37",0.4,"-0.03"
"175","scenario256","bayesglm",1459,751,0.514736120630569,-0.0394774448511927,102.723783413297,55.6456477039068,158.369431117204,200,300,0.4,"0.36",0.4,"-0.04"
"176","scenario257","bayesglm",1460,798,0.546575342465753,-0.0387390507461021,113.5,60.8109589041096,174.31095890411,220,300,0.4,"0.36",0.4,"-0.04"
"177","scenario258","bayesglm",1460,847,0.58013698630137,-0.0404612098384335,123.534931506849,66.8191780821918,190.354109589041,240,300,0.4,"0.36",0.4,"-0.04"
"178","scenario259","bayesglm",1460,889,0.608904109589041,-0.0401540363035866,134.154794520548,71.9623287671233,206.117123287671,260,300,0.4,"0.36",0.4,"-0.04"
"179","scenario26","bayesglm",1460,74,0.0506849315068493,0.0993574559881743,360.395890410959,194.041780821918,554.437671232877,700,300,0.4,"0.5",0.4,"0.1"
"180","scenario260","bayesglm",1460,943,0.645890410958904,-0.0421776808381495,144.17602739726,77.7609589041096,221.93698630137,280,300,0.4,"0.36",0.4,"-0.04"
"181","scenario261","bayesglm",1460,934,0.63972602739726,-0.0350860907935456,154.41301369863,83.3102739726027,237.723287671233,300,300,0.4,"0.36",0.4,"-0.04"
"182","scenario262","bayesglm",1460,1022,0.7,-0.0399440154460892,164.833561643836,88.7575342465753,253.591095890411,320,300,0.4,"0.36",0.4,"-0.04"
"183","scenario263","bayesglm",1460,1048,0.717808219178082,-0.0401984131475599,174.841095890411,94.5191780821918,269.360273972603,340,300,0.4,"0.36",0.4,"-0.04"
"184","scenario264","bayesglm",1460,1089,0.745890410958904,-0.0396304603831218,185.471917808219,99.7212328767123,285.193150684932,360,300,0.4,"0.36",0.4,"-0.04"
"185","scenario265","bayesglm",1460,1099,0.752739726027397,-0.0391220166635993,195.755479452055,105.321917808219,301.077397260274,380,300,0.4,"0.36",0.4,"-0.04"
"186","scenario266","bayesglm",1460,1135,0.777397260273973,-0.0397978686228684,205.987671232877,111.168493150685,317.156164383562,400,300,0.4,"0.36",0.4,"-0.04"
"187","scenario267","bayesglm",1460,1178,0.806849315068493,-0.0444586336698361,216.180136986301,116.321917808219,332.502054794521,420,300,0.4,"0.36",0.4,"-0.04"
"188","scenario268","bayesglm",1460,1177,0.806164383561644,-0.0427612310584354,226.108904109589,122.313698630137,348.422602739726,440,300,0.4,"0.36",0.4,"-0.04"
"189","scenario269","bayesglm",1460,1208,0.827397260273973,-0.0401280030157792,236.866438356164,127.858904109589,364.725342465753,460,300,0.4,"0.36",0.4,"-0.04"
"190","scenario27","bayesglm",1460,80,0.0547945205479452,0.0979297025979383,370.709589041096,200.114383561644,570.82397260274,720,300,0.4,"0.5",0.4,"0.1"
"191","scenario270","bayesglm",1460,1220,0.835616438356164,-0.0391083771940873,247.148630136986,132.862328767123,380.01095890411,480,300,0.4,"0.36",0.4,"-0.04"
"192","scenario271","bayesglm",1460,1213,0.830821917808219,-0.0367585558735445,257.177397260274,138.916438356164,396.093835616438,500,300,0.4,"0.36",0.4,"-0.04"
"193","scenario272","bayesglm",1460,1276,0.873972602739726,-0.0439467621173085,267.385616438356,144.604794520548,411.990410958904,520,300,0.4,"0.36",0.4,"-0.04"
"194","scenario273","bayesglm",1460,1262,0.864383561643836,-0.0369614726127988,278.002054794521,149.912328767123,427.914383561644,540,300,0.4,"0.36",0.4,"-0.04"
"195","scenario274","bayesglm",1460,1269,0.869178082191781,-0.0397281918223029,288.553424657534,155.048630136986,443.602054794521,560,300,0.4,"0.36",0.4,"-0.04"
"196","scenario275","bayesglm",1460,1306,0.894520547945206,-0.0409814848297354,298.383561643836,160.945205479452,459.328767123288,580,300,0.4,"0.36",0.4,"-0.04"
"197","scenario276","bayesglm",1460,1305,0.893835616438356,-0.0392384406696725,308.733561643836,166.67602739726,475.409589041096,600,300,0.4,"0.36",0.4,"-0.04"
"198","scenario277","bayesglm",1460,1310,0.897260273972603,-0.0398399525410829,319.778767123288,171.602054794521,491.380821917808,620,300,0.4,"0.36",0.4,"-0.04"
"199","scenario278","bayesglm",1460,1331,0.911643835616438,-0.0393311881507371,329.456164383562,177.383561643836,506.839726027397,640,300,0.4,"0.36",0.4,"-0.04"
"200","scenario279","bayesglm",1460,1329,0.91027397260274,-0.038876771370231,339.883561643836,182.905479452055,522.78904109589,660,300,0.4,"0.36",0.4,"-0.04"
"201","scenario28","bayesglm",1460,71,0.0486301369863014,0.101157349296884,381.25,205.345205479452,586.595205479452,740,300,0.4,"0.5",0.4,"0.1"
"202","scenario280","bayesglm",1460,1361,0.932191780821918,-0.043040649893756,350.061643835616,188.928082191781,538.989726027397,680,300,0.4,"0.36",0.4,"-0.04"
"203","scenario281","bayesglm",1460,1364,0.934246575342466,-0.0406830147240417,360.872602739726,194.130821917808,555.003424657534,700,300,0.4,"0.36",0.4,"-0.04"
"204","scenario282","bayesglm",1460,1380,0.945205479452055,-0.0403639226911129,370.828082191781,199.691780821918,570.519863013699,720,300,0.4,"0.36",0.4,"-0.04"
"205","scenario283","bayesglm",1460,1376,0.942465753424658,-0.0397577660423965,381.68698630137,205.08698630137,586.77397260274,740,300,0.4,"0.36",0.4,"-0.04"
"206","scenario284","bayesglm",1460,1379,0.944520547945205,-0.0388764193113937,391.567123287671,210.915753424658,602.482876712329,760,300,0.4,"0.36",0.4,"-0.04"
"207","scenario285","bayesglm",1460,1398,0.957534246575342,-0.0399461445169373,402.019178082192,215.991095890411,618.010273972603,780,300,0.4,"0.36",0.4,"-0.04"
"208","scenario286","bayesglm",1460,1392,0.953424657534247,-0.0410453414277828,412.217808219178,221.332876712329,633.550684931507,800,300,0.4,"0.36",0.4,"-0.04"
"209","scenario287","bayesglm",1460,1391,0.952739726027397,-0.0382276904486906,421.982876712329,228.028082191781,650.01095890411,820,300,0.4,"0.36",0.4,"-0.04"
"210","scenario288","bayesglm",1460,1407,0.963698630136986,-0.0413302667749275,432.378767123288,233.003424657534,665.382191780822,840,300,0.4,"0.36",0.4,"-0.04"
"211","scenario289","bayesglm",1460,1405,0.962328767123288,-0.0399795797193357,442.867123287671,238.891095890411,681.758219178082,860,300,0.4,"0.36",0.4,"-0.04"
"212","scenario29","bayesglm",1460,70,0.0479452054794521,0.0991229362134915,391.557534246575,210.488356164384,602.045890410959,760,300,0.4,"0.5",0.4,"0.1"
"213","scenario290","bayesglm",1460,1419,0.971917808219178,-0.0380248101130808,453.956164383562,244.021917808219,697.978082191781,880,300,0.4,"0.36",0.4,"-0.04"
"214","scenario291","bayesglm",1460,1421,0.973287671232877,-0.0414359832505897,463.043835616438,250.120547945205,713.164383561644,900,300,0.4,"0.36",0.4,"-0.04"
"215","scenario292","bayesglm",1460,1423,0.974657534246575,-0.0411386831971287,474.001369863014,255.180821917808,729.182191780822,920,300,0.4,"0.36",0.4,"-0.04"
"216","scenario293","bayesglm",1460,1415,0.969178082191781,-0.0383227394562299,484.221232876712,261.190410958904,745.411643835616,940,300,0.4,"0.36",0.4,"-0.04"
"217","scenario294","bayesglm",1460,1436,0.983561643835616,-0.0411924332304388,494.932876712329,265.640410958904,760.573287671233,960,300,0.4,"0.36",0.4,"-0.04"
"218","scenario295","bayesglm",1460,1432,0.980821917808219,-0.0402884134707879,505.475342465753,271.725342465753,777.200684931507,980,300,0.4,"0.36",0.4,"-0.04"
"219","scenario296","bayesglm",1460,1442,0.987671232876712,-0.0411290231303293,515.391780821918,276.910273972603,792.30205479452,1000,300,0.4,"0.36",0.4,"-0.04"
"220","scenario297","bayesglm",1460,1431,0.98013698630137,-0.0406612289259703,525.093835616438,282.671917808219,807.765753424658,1020,300,0.4,"0.36",0.4,"-0.04"
"221","scenario298","bayesglm",1460,1446,0.99041095890411,-0.0398031867230497,535.613698630137,287.949315068493,823.56301369863,1040,300,0.4,"0.36",0.4,"-0.04"
"222","scenario299","bayesglm",1460,1442,0.987671232876712,-0.0409884234131275,545.969863013699,294.536301369863,840.506164383562,1060,300,0.4,"0.36",0.4,"-0.04"
"223","scenario3","bayesglm",1460,55,0.0376712328767123,0.102168189720993,123.504109589041,66.5691780821918,190.073287671233,240,300,0.4,"0.5",0.4,"0.1"
"224","scenario30","bayesglm",1460,65,0.0445205479452055,0.0991399332474424,402.124657534247,216.043835616438,618.168493150685,780,300,0.4,"0.5",0.4,"0.1"
"225","scenario300","bayesglm",1460,1433,0.981506849315068,-0.0389734580527103,555.869863013699,299.875342465753,855.745205479452,1080,300,0.4,"0.36",0.4,"-0.04"
"226","scenario301","bayesglm",1460,1444,0.989041095890411,-0.0405335437718454,565.83698630137,305.455479452055,871.292465753425,1100,300,0.4,"0.36",0.4,"-0.04"
"227","scenario302","bayesglm",1460,1443,0.988356164383562,-0.0378870795698797,576.934931506849,310.430821917808,887.365753424658,1120,300,0.4,"0.36",0.4,"-0.04"
"228","scenario303","bayesglm",1460,1451,0.993835616438356,-0.0405399268938122,587.291780821918,316.067123287671,903.358904109589,1140,300,0.4,"0.36",0.4,"-0.04"
"229","scenario304","bayesglm",1460,1441,0.986986301369863,-0.0386306878044436,598.012328767123,321.647945205479,919.660273972603,1160,300,0.4,"0.36",0.4,"-0.04"
"230","scenario305","bayesglm",1460,1449,0.992465753424657,-0.0404766269666439,607.92397260274,327.425342465753,935.349315068493,1180,300,0.4,"0.36",0.4,"-0.04"
"231","scenario306","bayesglm",1460,1446,0.99041095890411,-0.0396398719372515,617.761643835616,333.172602739726,950.934246575342,1200,300,0.4,"0.36",0.4,"-0.04"
"232","scenario307","bayesglm",1460,835,0.571917808219178,-0.0494157420716674,102.901369863014,55.4856164383562,158.38698630137,200,300,0.4,"0.35",0.4,"-0.05"
"233","scenario308","bayesglm",1460,877,0.600684931506849,-0.0489380649037847,113.420547945205,60.9280821917808,174.348630136986,220,300,0.4,"0.35",0.4,"-0.05"
"234","scenario309","bayesglm",1460,915,0.626712328767123,-0.0505642374896522,123.664383561644,66.7184931506849,190.382876712329,240,300,0.4,"0.35",0.4,"-0.05"
"235","scenario31","bayesglm",1460,64,0.0438356164383562,0.10109153884778,412.23904109589,221.534246575342,633.773287671233,800,300,0.4,"0.5",0.4,"0.1"
"236","scenario310","bayesglm",1460,955,0.654109589041096,-0.0481684713714852,133.957534246575,72.3869863013699,206.344520547945,260,300,0.4,"0.35",0.4,"-0.05"
"237","scenario311","bayesglm",1460,968,0.663013698630137,-0.0472079994477077,143.990410958904,77.75,221.740410958904,280,300,0.4,"0.35",0.4,"-0.05"
"238","scenario312","bayesglm",1460,1066,0.73013698630137,-0.0516607946847507,154.859589041096,83.0568493150685,237.916438356164,300,300,0.4,"0.35",0.4,"-0.05"
"239","scenario313","bayesglm",1460,1100,0.753424657534247,-0.0480327472957518,164.777397260274,89.0205479452055,253.797945205479,320,300,0.4,"0.35",0.4,"-0.05"
"240","scenario314","bayesglm",1460,1100,0.753424657534247,-0.0488533996813784,174.673287671233,94.3808219178082,269.054109589041,340,300,0.4,"0.35",0.4,"-0.05"
"241","scenario315","bayesglm",1460,1161,0.795205479452055,-0.0513327110972527,185.295890410959,99.7438356164384,285.039726027397,360,300,0.4,"0.35",0.4,"-0.05"
"242","scenario316","bayesglm",1460,1164,0.797260273972603,-0.0497846860795542,195.867808219178,105.247260273973,301.115068493151,380,300,0.4,"0.35",0.4,"-0.05"
"243","scenario317","bayesglm",1460,1197,0.81986301369863,-0.0491545868076299,205.909589041096,111.075342465753,316.984931506849,400,300,0.4,"0.35",0.4,"-0.05"
"244","scenario318","bayesglm",1460,1249,0.855479452054794,-0.0508490775181385,216.038356164384,116.670547945205,332.708904109589,420,300,0.4,"0.35",0.4,"-0.05"
"245","scenario319","bayesglm",1460,1219,0.834931506849315,-0.0484140974097265,227.045205479452,121.750684931507,348.795890410959,440,300,0.4,"0.35",0.4,"-0.05"
"246","scenario32","bayesglm",1460,79,0.0541095890410959,0.0996333338313325,422.294520547945,227.707534246575,650.002054794521,820,300,0.4,"0.5",0.4,"0.1"
"247","scenario320","bayesglm",1460,1236,0.846575342465753,-0.0495364351120819,236.800684931507,127.615753424658,364.416438356164,460,300,0.4,"0.35",0.4,"-0.05"
"248","scenario321","bayesglm",1460,1258,0.861643835616438,-0.0496294524642321,246.828082191781,132.927397260274,379.755479452055,480,300,0.4,"0.35",0.4,"-0.05"
"249","scenario322","bayesglm",1460,1307,0.895205479452055,-0.0518161119664441,257.730821917808,138.537671232877,396.268493150685,500,300,0.4,"0.35",0.4,"-0.05"
"250","scenario323","bayesglm",1460,1310,0.897260273972603,-0.0474286571932914,267.608219178082,144.178082191781,411.786301369863,520,300,0.4,"0.35",0.4,"-0.05"
"251","scenario324","bayesglm",1460,1310,0.897260273972603,-0.0483540862156187,278.193835616438,149.779452054795,427.973287671233,540,300,0.4,"0.35",0.4,"-0.05"
"252","scenario325","bayesglm",1460,1332,0.912328767123288,-0.0499850106611495,288.536301369863,155.232876712329,443.769178082192,560,300,0.4,"0.35",0.4,"-0.05"
"253","scenario326","bayesglm",1460,1351,0.925342465753425,-0.049751864961309,298.148630136986,161.354794520548,459.503424657534,580,300,0.4,"0.35",0.4,"-0.05"
"254","scenario327","bayesglm",1460,1351,0.925342465753425,-0.0495623199927973,309.169863013699,165.86095890411,475.030821917808,600,300,0.4,"0.35",0.4,"-0.05"
"255","scenario328","bayesglm",1460,1371,0.939041095890411,-0.0486179069890403,319.428767123288,171.820547945205,491.249315068493,620,300,0.4,"0.35",0.4,"-0.05"
"256","scenario329","bayesglm",1460,1387,0.95,-0.0493622346963245,329.527397260274,177.813698630137,507.341095890411,640,300,0.4,"0.35",0.4,"-0.05"
"257","scenario33","bayesglm",1460,75,0.0513698630136986,0.099020210792004,432.507534246575,233.165753424658,665.673287671233,840,300,0.4,"0.5",0.4,"0.1"
"258","scenario330","bayesglm",1460,1378,0.943835616438356,-0.049168516055464,339.881506849315,183.099315068493,522.980821917808,660,300,0.4,"0.35",0.4,"-0.05"
"259","scenario331","bayesglm",1460,1380,0.945205479452055,-0.0485246207992214,350.034246575342,188.965068493151,538.999315068493,680,300,0.4,"0.35",0.4,"-0.05"
"260","scenario332","bayesglm",1460,1396,0.956164383561644,-0.0503996807656902,360.879452054795,193.905479452055,554.784931506849,700,300,0.4,"0.35",0.4,"-0.05"
"261","scenario333","bayesglm",1460,1403,0.960958904109589,-0.0505587079595196,370.736301369863,199.456164383562,570.192465753425,720,300,0.4,"0.35",0.4,"-0.05"
"262","scenario334","bayesglm",1460,1421,0.973287671232877,-0.0489872023026024,380.590410958904,206.065753424658,586.656164383562,740,300,0.4,"0.35",0.4,"-0.05"
"263","scenario335","bayesglm",1460,1408,0.964383561643836,-0.0498756258785955,391.181506849315,211.046575342466,602.228082191781,760,300,0.4,"0.35",0.4,"-0.05"
"264","scenario336","bayesglm",1460,1415,0.969178082191781,-0.0497979519365712,401.121232876712,216.642465753425,617.763698630137,780,300,0.4,"0.35",0.4,"-0.05"
"265","scenario337","bayesglm",1460,1413,0.967808219178082,-0.0494365358550259,411.25,221.816438356164,633.066438356164,800,300,0.4,"0.35",0.4,"-0.05"
"266","scenario338","bayesglm",1460,1428,0.978082191780822,-0.0505015144814811,422.384246575342,227.725342465753,650.109589041096,820,300,0.4,"0.35",0.4,"-0.05"
"267","scenario339","bayesglm",1460,1441,0.986986301369863,-0.0509374397157451,433.171917808219,233.404794520548,666.576712328767,840,300,0.4,"0.35",0.4,"-0.05"
"268","scenario34","bayesglm",1460,67,0.0458904109589041,0.0988221165311882,443.400684931507,238.388356164384,681.78904109589,860,300,0.4,"0.5",0.4,"0.1"
"269","scenario340","bayesglm",1460,1429,0.978767123287671,-0.0500071011157616,442.419863013699,238.97602739726,681.395890410959,860,300,0.4,"0.35",0.4,"-0.05"
"270","scenario341","bayesglm",1460,1446,0.99041095890411,-0.0490801409561742,453.025342465753,244.202739726027,697.228082191781,880,300,0.4,"0.35",0.4,"-0.05"
"271","scenario342","bayesglm",1460,1434,0.982191780821918,-0.0488008425413679,462.588356164384,250.33698630137,712.925342465753,900,300,0.4,"0.35",0.4,"-0.05"
"272","scenario343","bayesglm",1460,1449,0.992465753424657,-0.0517427479938434,473.511643835616,254.902739726027,728.414383561644,920,300,0.4,"0.35",0.4,"-0.05"
"273","scenario344","bayesglm",1460,1447,0.991095890410959,-0.0513771693680545,484.463698630137,261.013698630137,745.477397260274,940,300,0.4,"0.35",0.4,"-0.05"
"274","scenario345","bayesglm",1460,1443,0.988356164383562,-0.0506059432195112,493.200684931507,267.612328767123,760.81301369863,960,300,0.4,"0.35",0.4,"-0.05"
"275","scenario346","bayesglm",1460,1442,0.987671232876712,-0.0485640427677981,504.278767123288,271.68904109589,775.967808219178,980,300,0.4,"0.35",0.4,"-0.05"
"276","scenario347","bayesglm",1460,1441,0.986986301369863,-0.0482350149521687,514.632191780822,277.649315068493,792.281506849315,1000,300,0.4,"0.35",0.4,"-0.05"
"277","scenario348","bayesglm",1460,1451,0.993835616438356,-0.0497800124393086,525.144520547945,283.057534246575,808.202054794521,1020,300,0.4,"0.35",0.4,"-0.05"
"278","scenario349","bayesglm",1460,1451,0.993835616438356,-0.0497893169098827,535.475342465753,288.721232876712,824.196575342466,1040,300,0.4,"0.35",0.4,"-0.05"
"279","scenario35","bayesglm",1460,85,0.0582191780821918,0.100746340701078,453.330821917808,244.250684931507,697.581506849315,880,300,0.4,"0.5",0.4,"0.1"
"280","scenario350","bayesglm",1460,1451,0.993835616438356,-0.0502767187942688,544.786301369863,294.635616438356,839.421917808219,1060,300,0.4,"0.35",0.4,"-0.05"
"281","scenario351","bayesglm",1460,1451,0.993835616438356,-0.0516236577689758,555.502054794521,300.130136986301,855.632191780822,1080,300,0.4,"0.35",0.4,"-0.05"
"282","scenario352","bayesglm",1460,1453,0.995205479452055,-0.0501072378030298,566.844520547945,304.462328767123,871.306849315068,1100,300,0.4,"0.35",0.4,"-0.05"
"283","scenario353","bayesglm",1460,1450,0.993150684931507,-0.0505328971113612,576.37397260274,310.980821917808,887.354794520548,1120,300,0.4,"0.35",0.4,"-0.05"
"284","scenario354","bayesglm",1460,1455,0.996575342465753,-0.0511676345500392,586.854794520548,316.509589041096,903.364383561644,1140,300,0.4,"0.35",0.4,"-0.05"
"285","scenario355","bayesglm",1460,1454,0.995890410958904,-0.0502342450021713,596.714383561644,322.426712328767,919.141095890411,1160,300,0.4,"0.35",0.4,"-0.05"
"286","scenario356","bayesglm",1460,1454,0.995890410958904,-0.0495571870445862,607.143150684931,328.011643835616,935.154794520548,1180,300,0.4,"0.35",0.4,"-0.05"
"287","scenario357","bayesglm",1460,1454,0.995890410958904,-0.0503671895927501,617.779452054795,332.91301369863,950.692465753425,1200,300,0.4,"0.35",0.4,"-0.05"
"288","scenario36","bayesglm",1460,70,0.0479452054794521,0.101348458915369,463.134246575342,250.036301369863,713.170547945205,900,300,0.4,"0.5",0.4,"0.1"
"289","scenario37","bayesglm",1460,81,0.0554794520547945,0.101539554754554,473.66095890411,255.043150684932,728.704109589041,920,300,0.4,"0.5",0.4,"0.1"
"290","scenario38","bayesglm",1460,97,0.0664383561643836,0.0976160841718433,484.191095890411,261.104109589041,745.295205479452,940,300,0.4,"0.5",0.4,"0.1"
"291","scenario39","bayesglm",1460,77,0.0527397260273973,0.0991681340007512,495.478082191781,265.552739726027,761.030821917808,960,300,0.4,"0.5",0.4,"0.1"
"292","scenario4","bayesglm",1460,81,0.0554794520547945,0.0999360549363957,133.845205479452,72.0198630136986,205.865068493151,260,300,0.4,"0.5",0.4,"0.1"
"293","scenario40","bayesglm",1460,70,0.0479452054794521,0.100761987184891,505.245890410959,271.781506849315,777.027397260274,980,300,0.4,"0.5",0.4,"0.1"
"294","scenario41","bayesglm",1460,75,0.0513698630136986,0.0992123658109017,515.133561643836,277.446575342466,792.580136986301,1000,300,0.4,"0.5",0.4,"0.1"
"295","scenario42","bayesglm",1460,78,0.0534246575342466,0.100812832284979,526.084246575342,282.38904109589,808.473287671233,1020,300,0.4,"0.5",0.4,"0.1"
"296","scenario43","bayesglm",1460,81,0.0554794520547945,0.0986509311226537,535.430136986301,288.717808219178,824.147945205479,1040,300,0.4,"0.5",0.4,"0.1"
"297","scenario44","bayesglm",1460,75,0.0513698630136986,0.100214865536142,545.387671232877,293.990410958904,839.378082191781,1060,300,0.4,"0.5",0.4,"0.1"
"298","scenario45","bayesglm",1460,75,0.0513698630136986,0.0987682144316265,555.230821917808,300.019178082192,855.25,1080,300,0.4,"0.5",0.4,"0.1"
"299","scenario46","bayesglm",1460,69,0.0472602739726027,0.100140345800612,566.598630136986,305.331506849315,871.930136986301,1100,300,0.4,"0.5",0.4,"0.1"
"300","scenario47","bayesglm",1460,75,0.0513698630136986,0.0994422430121343,577.116438356164,311.073287671233,888.189726027397,1120,300,0.4,"0.5",0.4,"0.1"
"301","scenario48","bayesglm",1460,77,0.0527397260273973,0.100435361691849,586.976712328767,316.604109589041,903.580821917808,1140,300,0.4,"0.5",0.4,"0.1"
"302","scenario49","bayesglm",1460,76,0.0520547945205479,0.100226891960983,598.33904109589,321.225342465753,919.564383561644,1160,300,0.4,"0.5",0.4,"0.1"
"303","scenario5","bayesglm",1460,71,0.0486301369863014,0.101307871038104,144.230821917808,77.8623287671233,222.093150684932,280,300,0.4,"0.5",0.4,"0.1"
"304","scenario50","bayesglm",1460,61,0.0417808219178082,0.100439862849026,608.179452054795,327.284246575342,935.463698630137,1180,300,0.4,"0.5",0.4,"0.1"
"305","scenario51","bayesglm",1460,69,0.0472602739726027,0.100127804203981,617.889726027397,333.287671232877,951.177397260274,1200,300,0.4,"0.5",0.4,"0.1"
"306","scenario52","bayesglm",1460,202,0.138356164383562,0.0525167335436932,102.715068493151,55.6027397260274,158.317808219178,200,300,0.4,"0.45",0.4,"0.05"
"307","scenario53","bayesglm",1460,222,0.152054794520548,0.0499662939722421,113.263698630137,61.1904109589041,174.454109589041,220,300,0.4,"0.45",0.4,"0.05"
"308","scenario54","bayesglm",1460,218,0.149315068493151,0.0524052561036896,123.384246575342,66.6465753424658,190.030821917808,240,300,0.4,"0.45",0.4,"0.05"
"309","scenario55","bayesglm",1460,243,0.166438356164384,0.053182559921572,134.4,71.9465753424657,206.346575342466,260,300,0.4,"0.45",0.4,"0.05"
"310","scenario56","bayesglm",1460,256,0.175342465753425,0.0506742317787966,144.215068493151,77.6260273972603,221.841095890411,280,300,0.4,"0.45",0.4,"0.05"
"311","scenario57","bayesglm",1460,273,0.186986301369863,0.0518453967066104,154.191780821918,83.377397260274,237.569178082192,300,300,0.4,"0.45",0.4,"0.05"
"312","scenario58","bayesglm",1460,281,0.192465753424658,0.0513568460420798,164.922602739726,88.9835616438356,253.906164383562,320,300,0.4,"0.45",0.4,"0.05"
"313","scenario59","bayesglm",1460,295,0.202054794520548,0.0480235024017351,175.249315068493,94.2958904109589,269.545205479452,340,300,0.4,"0.45",0.4,"0.05"
"314","scenario6","bayesglm",1460,66,0.0452054794520548,0.103237841529807,154.819863013699,83.1616438356164,237.981506849315,300,300,0.4,"0.5",0.4,"0.1"
"315","scenario60","bayesglm",1460,292,0.2,0.0499934494974438,185.520547945205,99.6924657534247,285.21301369863,360,300,0.4,"0.45",0.4,"0.05"
"316","scenario61","bayesglm",1460,300,0.205479452054795,0.0506552905979414,195.349315068493,105.515753424658,300.865068493151,380,300,0.4,"0.45",0.4,"0.05"
"317","scenario62","bayesglm",1460,343,0.234931506849315,0.0465008836443322,206.246575342466,110.870547945205,317.117123287671,400,300,0.4,"0.45",0.4,"0.05"
"318","scenario63","bayesglm",1460,326,0.223287671232877,0.0476988495497096,216.882191780822,116.206164383562,333.088356164384,420,300,0.4,"0.45",0.4,"0.05"
"319","scenario64","bayesglm",1460,326,0.223287671232877,0.0520491071116757,226.382191780822,122.277397260274,348.659589041096,440,300,0.4,"0.45",0.4,"0.05"
"320","scenario65","bayesglm",1460,345,0.236301369863014,0.0497951830399014,237.36301369863,127.385616438356,364.748630136986,460,300,0.4,"0.45",0.4,"0.05"
"321","scenario66","bayesglm",1460,342,0.234246575342466,0.0497264482069281,246.842465753425,133.476712328767,380.319178082192,480,300,0.4,"0.45",0.4,"0.05"
"322","scenario67","bayesglm",1460,386,0.264383561643836,0.0478005012140253,257.565753424658,138.879452054795,396.445205479452,500,300,0.4,"0.45",0.4,"0.05"
"323","scenario68","bayesglm",1460,336,0.23013698630137,0.0515673105004322,267.76095890411,144.565068493151,412.32602739726,520,300,0.4,"0.45",0.4,"0.05"
"324","scenario69","bayesglm",1460,364,0.249315068493151,0.0491925971893277,277.880821917808,150.057534246575,427.938356164384,540,300,0.4,"0.45",0.4,"0.05"
"325","scenario7","bayesglm",1460,74,0.0506849315068493,0.0995662058462352,165.032191780822,88.4732876712329,253.505479452055,320,300,0.4,"0.5",0.4,"0.1"
"326","scenario70","bayesglm",1460,375,0.256849315068493,0.0503417256292153,287.717123287671,155.841780821918,443.558904109589,560,300,0.4,"0.45",0.4,"0.05"
"327","scenario71","bayesglm",1460,367,0.251369863013699,0.0512107971019356,298.513698630137,160.682876712329,459.196575342466,580,300,0.4,"0.45",0.4,"0.05"
"328","scenario72","bayesglm",1460,385,0.263698630136986,0.0482212588812461,309.097260273973,166.564383561644,475.661643835616,600,300,0.4,"0.45",0.4,"0.05"
"329","scenario73","bayesglm",1460,383,0.262328767123288,0.0522070758090836,319.269178082192,171.945205479452,491.214383561644,620,300,0.4,"0.45",0.4,"0.05"
"330","scenario74","bayesglm",1460,408,0.279452054794521,0.0502844270483822,329.477397260274,177.848630136986,507.32602739726,640,300,0.4,"0.45",0.4,"0.05"
"331","scenario75","bayesglm",1460,417,0.285616438356164,0.0491444237942373,340.245205479452,182.961643835616,523.206849315068,660,300,0.4,"0.45",0.4,"0.05"
"332","scenario76","bayesglm",1460,473,0.323972602739726,0.0478043109822739,349.859589041096,188.351369863014,538.21095890411,680,300,0.4,"0.45",0.4,"0.05"
"333","scenario77","bayesglm",1460,431,0.295205479452055,0.0503977516562776,360.467808219178,194.66301369863,555.130821917808,700,300,0.4,"0.45",0.4,"0.05"
"334","scenario78","bayesglm",1460,458,0.313698630136986,0.0490452809310961,370.904109589041,199.477397260274,570.381506849315,720,300,0.4,"0.45",0.4,"0.05"
"335","scenario79","bayesglm",1460,439,0.300684931506849,0.0506799471230678,380.839726027397,205.050684931507,585.890410958904,740,300,0.4,"0.45",0.4,"0.05"
"336","scenario8","bayesglm",1460,80,0.0547945205479452,0.100452250221008,175.166438356164,94.0671232876712,269.233561643836,340,300,0.4,"0.5",0.4,"0.1"
"337","scenario80","bayesglm",1460,441,0.302054794520548,0.0503153652602256,391.256849315069,211.371917808219,602.628767123288,760,300,0.4,"0.45",0.4,"0.05"
"338","scenario81","bayesglm",1460,434,0.297260273972603,0.0509359574273899,401.914383561644,216.019178082192,617.933561643836,780,300,0.4,"0.45",0.4,"0.05"
"339","scenario82","bayesglm",1460,490,0.335616438356164,0.0514869104874464,411.581506849315,222.263698630137,633.845205479452,800,300,0.4,"0.45",0.4,"0.05"
"340","scenario83","bayesglm",1460,442,0.302739726027397,0.0521265745764685,422.23904109589,227.195890410959,649.434931506849,820,300,0.4,"0.45",0.4,"0.05"
"341","scenario84","bayesglm",1460,486,0.332876712328767,0.0500345475479356,432.406164383562,233.078767123288,665.484931506849,840,300,0.4,"0.45",0.4,"0.05"
"342","scenario85","bayesglm",1460,500,0.342465753424658,0.049791641836638,442.245890410959,239.170547945205,681.416438356164,860,300,0.4,"0.45",0.4,"0.05"
"343","scenario86","bayesglm",1460,512,0.350684931506849,0.0497244666831216,453.053424657534,244.243150684931,697.296575342466,880,300,0.4,"0.45",0.4,"0.05"
"344","scenario87","bayesglm",1460,524,0.358904109589041,0.0490752321380547,464.32397260274,249.487671232877,713.811643835616,900,300,0.4,"0.45",0.4,"0.05"
"345","scenario88","bayesglm",1460,517,0.354109589041096,0.0495518930375313,474.172602739726,255.143835616438,729.316438356164,920,300,0.4,"0.45",0.4,"0.05"
"346","scenario89","bayesglm",1460,544,0.372602739726027,0.0484455295019448,483.973287671233,260.797260273973,744.770547945205,940,300,0.4,"0.45",0.4,"0.05"
"347","scenario9","bayesglm",1460,85,0.0582191780821918,0.100612747925462,185.782876712329,99.5493150684931,285.332191780822,360,300,0.4,"0.5",0.4,"0.1"
"348","scenario90","bayesglm",1460,539,0.369178082191781,0.0498106812404322,494.431506849315,266.074657534247,760.506164383562,960,300,0.4,"0.45",0.4,"0.05"
"349","scenario91","bayesglm",1460,545,0.373287671232877,0.0498562839388458,504.371917808219,271.836301369863,776.208219178082,980,300,0.4,"0.45",0.4,"0.05"
"350","scenario92","bayesglm",1460,492,0.336986301369863,0.0529101509590553,516.043150684932,276.971917808219,793.015068493151,1000,300,0.4,"0.45",0.4,"0.05"
"351","scenario93","bayesglm",1460,534,0.365753424657534,0.0505695166623631,524.719178082192,283.2,807.919178082192,1020,300,0.4,"0.45",0.4,"0.05"
"352","scenario94","bayesglm",1460,564,0.386301369863014,0.0493811035069715,535.937671232877,288.382876712329,824.320547945205,1040,300,0.4,"0.45",0.4,"0.05"
"353","scenario95","bayesglm",1460,572,0.391780821917808,0.050850483465793,545.545205479452,293.998630136986,839.543835616438,1060,300,0.4,"0.45",0.4,"0.05"
"354","scenario96","bayesglm",1460,572,0.391780821917808,0.0505599348963209,555.852054794521,299.806164383562,855.658219178082,1080,300,0.4,"0.45",0.4,"0.05"
"355","scenario97","bayesglm",1460,569,0.38972602739726,0.0496657787995788,566.326712328767,305.632191780822,871.958904109589,1100,300,0.4,"0.45",0.4,"0.05"
"356","scenario98","bayesglm",1460,639,0.437671232876712,0.0485864773127805,576.771917808219,310.750684931507,887.522602739726,1120,300,0.4,"0.45",0.4,"0.05"
"357","scenario99","bayesglm",1460,604,0.413698630136986,0.0495802504284342,586.634246575342,316.53904109589,903.173287671233,1140,300,0.4,"0.45",0.4,"0.05"
